{
  "searched_usernames": [
    {
      "id": 1,
      "username": "@Zubair_1752",
      "searched_by": "ADMIN9999RSX",
      "searched_at": "2025-09-25T09:22:41.991298",
      "status": "not_found"
    },
    {
      "id": 2,
      "username": "@fuckoff",
      "searched_by": "H4I7USK9346X",
      "searched_at": "2025-09-25T09:38:41.451307",
      "status": "not_found"
    },
    {
      "id": 3,
      "username": "@Uj_mahra",
      "searched_by": "ITQQ0NFIDH9D",
      "searched_at": "2025-09-25T09:49:54.660168",
      "status": "not_found"
    },
    {
      "id": 4,
      "username": "@AIRAGIRLGAMER",
      "searched_by": "ITQQ0NFIDH9D",
      "searched_at": "2025-09-25T09:55:15.794467",
      "status": "not_found"
    },
    {
      "id": 5,
      "username": "7545686800",
      "searched_by": "1OWVKVVWBFD5",
      "searched_at": "2025-09-25T12:27:41.339331",
      "status": "not_found"
    },
    {
      "id": 6,
      "username": "@Hamla_achanak_hua",
      "searched_by": "BNHEMIFVN7YD",
      "searched_at": "2025-09-25T13:45:02.331087",
      "status": "not_found"
    },
    {
      "id": 7,
      "username": "GROOT_126",
      "searched_by": "HYR90EXR8FKO",
      "searched_at": "2025-09-26T04:39:36.976807",
      "status": "not_found"
    },
    {
      "id": 8,
      "username": "@GROOT_126",
      "searched_by": "HYR90EXR8FKO",
      "searched_at": "2025-09-26T04:41:38.747778",
      "status": "not_found"
    },
    {
      "id": 9,
      "username": "@Civil_Sage",
      "searched_by": "HYR90EXR8FKO",
      "searched_at": "2025-09-26T04:43:30.912011",
      "status": "not_found"
    },
    {
      "id": 10,
      "username": "e___h12",
      "searched_by": "F3SR5TX6EXXK",
      "searched_at": "2025-09-26T11:53:28.041639",
      "status": "not_found"
    },
    {
      "id": 11,
      "username": "Seif Sherif",
      "searched_by": "F3SR5TX6EXXK",
      "searched_at": "2025-09-26T11:59:08.691685",
      "status": "not_found"
    },
    {
      "id": 12,
      "username": "Houda Zeghli",
      "searched_by": "F3SR5TX6EXXK",
      "searched_at": "2025-09-26T12:00:25.076029",
      "status": "not_found"
    },
    {
      "id": 13,
      "username": "kizagan00",
      "searched_by": "44RI960R42UZ",
      "searched_at": "2025-09-26T12:01:14.453957",
      "status": "not_found"
    },
    {
      "id": 14,
      "username": "Kizagan",
      "searched_by": "F3SR5TX6EXXK",
      "searched_at": "2025-09-26T12:01:52.554203",
      "status": "not_found"
    },
    {
      "id": 15,
      "username": "6UMUSXQH7VPQ",
      "searched_by": "44RI960R42UZ",
      "searched_at": "2025-09-26T12:02:02.958443",
      "status": "not_found"
    },
    {
      "id": 16,
      "username": "@Trusted_bolte2",
      "searched_by": "DCV5DK5OJYIJ",
      "searched_at": "2025-09-26T15:06:19.293592",
      "status": "not_found"
    },
    {
      "id": 17,
      "username": "itzdhruv",
      "searched_by": "HYQPDY82E74W",
      "searched_at": "2025-09-27T06:20:05.294232",
      "status": "not_found"
    },
    {
      "id": 18,
      "username": "devsuti",
      "searched_by": "GW5O74P7DPXN",
      "searched_at": "2025-09-27T16:19:39.242153",
      "status": "not_found"
    },
    {
      "id": 19,
      "username": "cryptbuye",
      "searched_by": "GW5O74P7DPXN",
      "searched_at": "2025-09-27T16:23:56.488173",
      "status": "not_found"
    },
    {
      "id": 20,
      "username": "Numerasmshelp",
      "searched_by": "GW5O74P7DPXN",
      "searched_at": "2025-09-27T16:27:48.402874",
      "status": "not_found"
    },
    {
      "id": 21,
      "username": "@wisbs",
      "searched_by": "ADMIN9999RSX",
      "searched_at": "2025-09-27T16:56:24.210300",
      "status": "not_found"
    }
  ]
}